{"mean":{"A":11.5,"B":15.6666666667,"C":27.6666666667},"median":{"A":11.5,"B":15.0,"C":28.0},"std":{"A":1.2909944487,"B":2.0816659995,"C":2.5166114784},"count":{"A":4,"B":3,"C":3}}